estado,receita,pedidos
AM,79474.67,240
TO,71055.63,235
PA,70003.51,226
AC,69833.78,190
SP,60898.630000000005,180
RS,60727.1,203
GO,57898.590000000004,169
MT,57431.13,164
MG,51955.58,110
CE,49133.23,171
SE,44631.43,174
AL,44340.2,143
MA,38173.2,123
MS,37081.14,116
ES,34087.97,133
RR,28285.82,81
DF,26687.99,77
RJ,24750.17,50
PB,20861.16,59
PE,19024.24,68
AP,14425.28,60
PR,13316.83,48
